resume_text,role
"I have experience in numpy and tensorflow. I've worked with statistics and completed projects using machine learning. My key skills include: numpy, tensorflow, statistics, machine learning.",data scientist
"I have experience in machine learning and tensorflow. I've worked with statistics and completed projects using nltk. My key skills include: machine learning, tensorflow, statistics, nltk.",data scientist
"I have experience in tensorflow and python. I've worked with machine learning and completed projects using numpy. My key skills include: tensorflow, python, machine learning, numpy.",data scientist
"I have experience in nltk and tensorflow. I've worked with machine learning and completed projects using statistics. My key skills include: nltk, tensorflow, machine learning, statistics.",data scientist
"I have experience in python and tensorflow. I've worked with keras and completed projects using nltk. My key skills include: python, tensorflow, keras, nltk.",data scientist
"I have experience in pandas and numpy. I've worked with machine learning and completed projects using nltk. My key skills include: pandas, numpy, machine learning, nltk.",data scientist
"I have experience in statistics and numpy. I've worked with sql and completed projects using machine learning. My key skills include: statistics, numpy, sql, machine learning.",data scientist
"I have experience in numpy and keras. I've worked with python and completed projects using pandas. My key skills include: numpy, keras, python, pandas.",data scientist
"I have experience in statistics and keras. I've worked with numpy and completed projects using nltk. My key skills include: statistics, keras, numpy, nltk.",data scientist
"I have experience in python and machine learning. I've worked with sql and completed projects using keras. My key skills include: python, machine learning, sql, keras.",data scientist
"I have experience in nltk and python. I've worked with tensorflow and completed projects using sql. My key skills include: nltk, python, tensorflow, sql.",data scientist
"I have experience in machine learning and pandas. I've worked with nltk and completed projects using tensorflow. My key skills include: machine learning, pandas, nltk, tensorflow.",data scientist
"I have experience in keras and pandas. I've worked with statistics and completed projects using python. My key skills include: keras, pandas, statistics, python.",data scientist
"I have experience in python and nltk. I've worked with machine learning and completed projects using numpy. My key skills include: python, nltk, machine learning, numpy.",data scientist
"I have experience in statistics and python. I've worked with pandas and completed projects using numpy. My key skills include: statistics, python, pandas, numpy.",data scientist
"I have experience in pandas and machine learning. I've worked with python and completed projects using statistics. My key skills include: pandas, machine learning, python, statistics.",data scientist
"I have experience in tensorflow and python. I've worked with nltk and completed projects using pandas. My key skills include: tensorflow, python, nltk, pandas.",data scientist
"I have experience in pandas and keras. I've worked with numpy and completed projects using python. My key skills include: pandas, keras, numpy, python.",data scientist
"I have experience in sql and numpy. I've worked with python and completed projects using nltk. My key skills include: sql, numpy, python, nltk.",data scientist
"I have experience in statistics and nltk. I've worked with tensorflow and completed projects using numpy. My key skills include: statistics, nltk, tensorflow, numpy.",data scientist
"I have experience in keras and nltk. I've worked with tensorflow and completed projects using sql. My key skills include: keras, nltk, tensorflow, sql.",data scientist
"I have experience in sql and machine learning. I've worked with pandas and completed projects using python. My key skills include: sql, machine learning, pandas, python.",data scientist
"I have experience in nltk and keras. I've worked with sql and completed projects using tensorflow. My key skills include: nltk, keras, sql, tensorflow.",data scientist
"I have experience in statistics and python. I've worked with numpy and completed projects using sql. My key skills include: statistics, python, numpy, sql.",data scientist
"I have experience in pandas and machine learning. I've worked with statistics and completed projects using nltk. My key skills include: pandas, machine learning, statistics, nltk.",data scientist
"I have experience in statistics and python. I've worked with tensorflow and completed projects using pandas. My key skills include: statistics, python, tensorflow, pandas.",data scientist
"I have experience in keras and machine learning. I've worked with tensorflow and completed projects using sql. My key skills include: keras, machine learning, tensorflow, sql.",data scientist
"I have experience in pandas and sql. I've worked with machine learning and completed projects using nltk. My key skills include: pandas, sql, machine learning, nltk.",data scientist
"I have experience in keras and tensorflow. I've worked with machine learning and completed projects using nltk. My key skills include: keras, tensorflow, machine learning, nltk.",data scientist
"I have experience in numpy and keras. I've worked with tensorflow and completed projects using python. My key skills include: numpy, keras, tensorflow, python.",data scientist
"I have experience in machine learning and pandas. I've worked with numpy and completed projects using python. My key skills include: machine learning, pandas, numpy, python.",data scientist
"I have experience in keras and sql. I've worked with pandas and completed projects using statistics. My key skills include: keras, sql, pandas, statistics.",data scientist
"I have experience in machine learning and keras. I've worked with numpy and completed projects using pandas. My key skills include: machine learning, keras, numpy, pandas.",data scientist
"I have experience in python and machine learning. I've worked with pandas and completed projects using statistics. My key skills include: python, machine learning, pandas, statistics.",data scientist
"I have experience in sql and python. I've worked with numpy and completed projects using statistics. My key skills include: sql, python, numpy, statistics.",data scientist
"I have experience in numpy and machine learning. I've worked with sql and completed projects using keras. My key skills include: numpy, machine learning, sql, keras.",data scientist
"I have experience in pandas and tensorflow. I've worked with nltk and completed projects using machine learning. My key skills include: pandas, tensorflow, nltk, machine learning.",data scientist
"I have experience in python and sql. I've worked with pandas and completed projects using keras. My key skills include: python, sql, pandas, keras.",data scientist
"I have experience in keras and nltk. I've worked with tensorflow and completed projects using sql. My key skills include: keras, nltk, tensorflow, sql.",data scientist
"I have experience in machine learning and tensorflow. I've worked with pandas and completed projects using sql. My key skills include: machine learning, tensorflow, pandas, sql.",data scientist
"I have experience in python and pandas. I've worked with machine learning and completed projects using numpy. My key skills include: python, pandas, machine learning, numpy.",data scientist
"I have experience in statistics and tensorflow. I've worked with python and completed projects using pandas. My key skills include: statistics, tensorflow, python, pandas.",data scientist
"I have experience in pandas and python. I've worked with keras and completed projects using tensorflow. My key skills include: pandas, python, keras, tensorflow.",data scientist
"I have experience in statistics and keras. I've worked with python and completed projects using pandas. My key skills include: statistics, keras, python, pandas.",data scientist
"I have experience in tensorflow and pandas. I've worked with machine learning and completed projects using nltk. My key skills include: tensorflow, pandas, machine learning, nltk.",data scientist
"I have experience in sql and keras. I've worked with statistics and completed projects using numpy. My key skills include: sql, keras, statistics, numpy.",data scientist
"I have experience in numpy and sql. I've worked with machine learning and completed projects using statistics. My key skills include: numpy, sql, machine learning, statistics.",data scientist
"I have experience in nltk and machine learning. I've worked with keras and completed projects using sql. My key skills include: nltk, machine learning, keras, sql.",data scientist
"I have experience in sql and nltk. I've worked with python and completed projects using numpy. My key skills include: sql, nltk, python, numpy.",data scientist
"I have experience in sql and pandas. I've worked with nltk and completed projects using statistics. My key skills include: sql, pandas, nltk, statistics.",data scientist
"I have experience in pandas and power bi. I've worked with sql and completed projects using excel. My key skills include: pandas, power bi, sql, excel.",data analyst
"I have experience in data visualization and excel. I've worked with tableau and completed projects using power bi. My key skills include: data visualization, excel, tableau, power bi.",data analyst
"I have experience in pandas and excel. I've worked with power bi and completed projects using data visualization. My key skills include: pandas, excel, power bi, data visualization.",data analyst
"I have experience in sql and excel. I've worked with power bi and completed projects using data visualization. My key skills include: sql, excel, power bi, data visualization.",data analyst
"I have experience in data visualization and tableau. I've worked with power bi and completed projects using pandas. My key skills include: data visualization, tableau, power bi, pandas.",data analyst
"I have experience in data visualization and tableau. I've worked with pandas and completed projects using excel. My key skills include: data visualization, tableau, pandas, excel.",data analyst
"I have experience in excel and tableau. I've worked with power bi and completed projects using sql. My key skills include: excel, tableau, power bi, sql.",data analyst
"I have experience in data visualization and sql. I've worked with excel and completed projects using tableau. My key skills include: data visualization, sql, excel, tableau.",data analyst
"I have experience in power bi and pandas. I've worked with tableau and completed projects using excel. My key skills include: power bi, pandas, tableau, excel.",data analyst
"I have experience in pandas and power bi. I've worked with excel and completed projects using sql. My key skills include: pandas, power bi, excel, sql.",data analyst
"I have experience in data visualization and power bi. I've worked with pandas and completed projects using sql. My key skills include: data visualization, power bi, pandas, sql.",data analyst
"I have experience in power bi and sql. I've worked with tableau and completed projects using pandas. My key skills include: power bi, sql, tableau, pandas.",data analyst
"I have experience in power bi and data visualization. I've worked with pandas and completed projects using excel. My key skills include: power bi, data visualization, pandas, excel.",data analyst
"I have experience in pandas and excel. I've worked with sql and completed projects using tableau. My key skills include: pandas, excel, sql, tableau.",data analyst
"I have experience in power bi and sql. I've worked with data visualization and completed projects using tableau. My key skills include: power bi, sql, data visualization, tableau.",data analyst
"I have experience in excel and power bi. I've worked with sql and completed projects using pandas. My key skills include: excel, power bi, sql, pandas.",data analyst
"I have experience in tableau and sql. I've worked with power bi and completed projects using excel. My key skills include: tableau, sql, power bi, excel.",data analyst
"I have experience in excel and tableau. I've worked with power bi and completed projects using data visualization. My key skills include: excel, tableau, power bi, data visualization.",data analyst
"I have experience in pandas and tableau. I've worked with excel and completed projects using data visualization. My key skills include: pandas, tableau, excel, data visualization.",data analyst
"I have experience in sql and excel. I've worked with tableau and completed projects using pandas. My key skills include: sql, excel, tableau, pandas.",data analyst
"I have experience in excel and power bi. I've worked with pandas and completed projects using sql. My key skills include: excel, power bi, pandas, sql.",data analyst
"I have experience in pandas and tableau. I've worked with data visualization and completed projects using sql. My key skills include: pandas, tableau, data visualization, sql.",data analyst
"I have experience in pandas and sql. I've worked with power bi and completed projects using data visualization. My key skills include: pandas, sql, power bi, data visualization.",data analyst
"I have experience in sql and excel. I've worked with power bi and completed projects using data visualization. My key skills include: sql, excel, power bi, data visualization.",data analyst
"I have experience in tableau and pandas. I've worked with excel and completed projects using power bi. My key skills include: tableau, pandas, excel, power bi.",data analyst
"I have experience in data visualization and power bi. I've worked with pandas and completed projects using tableau. My key skills include: data visualization, power bi, pandas, tableau.",data analyst
"I have experience in excel and data visualization. I've worked with sql and completed projects using pandas. My key skills include: excel, data visualization, sql, pandas.",data analyst
"I have experience in sql and power bi. I've worked with tableau and completed projects using pandas. My key skills include: sql, power bi, tableau, pandas.",data analyst
"I have experience in sql and power bi. I've worked with excel and completed projects using tableau. My key skills include: sql, power bi, excel, tableau.",data analyst
"I have experience in excel and power bi. I've worked with pandas and completed projects using data visualization. My key skills include: excel, power bi, pandas, data visualization.",data analyst
"I have experience in excel and tableau. I've worked with sql and completed projects using power bi. My key skills include: excel, tableau, sql, power bi.",data analyst
"I have experience in data visualization and excel. I've worked with sql and completed projects using tableau. My key skills include: data visualization, excel, sql, tableau.",data analyst
"I have experience in power bi and sql. I've worked with excel and completed projects using tableau. My key skills include: power bi, sql, excel, tableau.",data analyst
"I have experience in data visualization and power bi. I've worked with tableau and completed projects using sql. My key skills include: data visualization, power bi, tableau, sql.",data analyst
"I have experience in excel and tableau. I've worked with data visualization and completed projects using pandas. My key skills include: excel, tableau, data visualization, pandas.",data analyst
"I have experience in pandas and data visualization. I've worked with power bi and completed projects using tableau. My key skills include: pandas, data visualization, power bi, tableau.",data analyst
"I have experience in power bi and tableau. I've worked with pandas and completed projects using excel. My key skills include: power bi, tableau, pandas, excel.",data analyst
"I have experience in sql and tableau. I've worked with excel and completed projects using power bi. My key skills include: sql, tableau, excel, power bi.",data analyst
"I have experience in sql and tableau. I've worked with power bi and completed projects using excel. My key skills include: sql, tableau, power bi, excel.",data analyst
"I have experience in sql and data visualization. I've worked with excel and completed projects using power bi. My key skills include: sql, data visualization, excel, power bi.",data analyst
"I have experience in data visualization and power bi. I've worked with sql and completed projects using pandas. My key skills include: data visualization, power bi, sql, pandas.",data analyst
"I have experience in tableau and excel. I've worked with data visualization and completed projects using power bi. My key skills include: tableau, excel, data visualization, power bi.",data analyst
"I have experience in excel and power bi. I've worked with pandas and completed projects using sql. My key skills include: excel, power bi, pandas, sql.",data analyst
"I have experience in tableau and power bi. I've worked with pandas and completed projects using data visualization. My key skills include: tableau, power bi, pandas, data visualization.",data analyst
"I have experience in sql and excel. I've worked with data visualization and completed projects using tableau. My key skills include: sql, excel, data visualization, tableau.",data analyst
"I have experience in power bi and tableau. I've worked with excel and completed projects using pandas. My key skills include: power bi, tableau, excel, pandas.",data analyst
"I have experience in tableau and pandas. I've worked with sql and completed projects using data visualization. My key skills include: tableau, pandas, sql, data visualization.",data analyst
"I have experience in power bi and sql. I've worked with data visualization and completed projects using tableau. My key skills include: power bi, sql, data visualization, tableau.",data analyst
"I have experience in tableau and pandas. I've worked with data visualization and completed projects using excel. My key skills include: tableau, pandas, data visualization, excel.",data analyst
"I have experience in data visualization and pandas. I've worked with excel and completed projects using tableau. My key skills include: data visualization, pandas, excel, tableau.",data analyst
"I have experience in c++ and dsa. I've worked with python and completed projects using git. My key skills include: c++, dsa, python, git.",software engineer
"I have experience in python and java. I've worked with system design and completed projects using git. My key skills include: python, java, system design, git.",software engineer
"I have experience in python and java. I've worked with system design and completed projects using git. My key skills include: python, java, system design, git.",software engineer
"I have experience in python and system design. I've worked with java and completed projects using c++. My key skills include: python, system design, java, c++.",software engineer
"I have experience in system design and c++. I've worked with dsa and completed projects using python. My key skills include: system design, c++, dsa, python.",software engineer
"I have experience in c++ and git. I've worked with python and completed projects using dsa. My key skills include: c++, git, python, dsa.",software engineer
"I have experience in python and c++. I've worked with git and completed projects using java. My key skills include: python, c++, git, java.",software engineer
"I have experience in c++ and java. I've worked with dsa and completed projects using system design. My key skills include: c++, java, dsa, system design.",software engineer
"I have experience in java and python. I've worked with c++ and completed projects using dsa. My key skills include: java, python, c++, dsa.",software engineer
"I have experience in java and system design. I've worked with c++ and completed projects using git. My key skills include: java, system design, c++, git.",software engineer
"I have experience in dsa and c++. I've worked with python and completed projects using git. My key skills include: dsa, c++, python, git.",software engineer
"I have experience in system design and python. I've worked with c++ and completed projects using git. My key skills include: system design, python, c++, git.",software engineer
"I have experience in dsa and java. I've worked with system design and completed projects using c++. My key skills include: dsa, java, system design, c++.",software engineer
"I have experience in system design and java. I've worked with dsa and completed projects using python. My key skills include: system design, java, dsa, python.",software engineer
"I have experience in c++ and git. I've worked with dsa and completed projects using system design. My key skills include: c++, git, dsa, system design.",software engineer
"I have experience in c++ and java. I've worked with git and completed projects using dsa. My key skills include: c++, java, git, dsa.",software engineer
"I have experience in dsa and c++. I've worked with git and completed projects using python. My key skills include: dsa, c++, git, python.",software engineer
"I have experience in system design and git. I've worked with python and completed projects using dsa. My key skills include: system design, git, python, dsa.",software engineer
"I have experience in c++ and git. I've worked with python and completed projects using java. My key skills include: c++, git, python, java.",software engineer
"I have experience in python and c++. I've worked with java and completed projects using system design. My key skills include: python, c++, java, system design.",software engineer
"I have experience in c++ and python. I've worked with git and completed projects using java. My key skills include: c++, python, git, java.",software engineer
"I have experience in git and python. I've worked with java and completed projects using system design. My key skills include: git, python, java, system design.",software engineer
"I have experience in git and c++. I've worked with system design and completed projects using python. My key skills include: git, c++, system design, python.",software engineer
"I have experience in java and system design. I've worked with python and completed projects using dsa. My key skills include: java, system design, python, dsa.",software engineer
"I have experience in dsa and git. I've worked with python and completed projects using java. My key skills include: dsa, git, python, java.",software engineer
"I have experience in system design and git. I've worked with python and completed projects using c++. My key skills include: system design, git, python, c++.",software engineer
"I have experience in git and c++. I've worked with java and completed projects using dsa. My key skills include: git, c++, java, dsa.",software engineer
"I have experience in c++ and git. I've worked with system design and completed projects using python. My key skills include: c++, git, system design, python.",software engineer
"I have experience in system design and python. I've worked with c++ and completed projects using dsa. My key skills include: system design, python, c++, dsa.",software engineer
"I have experience in dsa and c++. I've worked with system design and completed projects using python. My key skills include: dsa, c++, system design, python.",software engineer
"I have experience in dsa and c++. I've worked with python and completed projects using system design. My key skills include: dsa, c++, python, system design.",software engineer
"I have experience in c++ and system design. I've worked with git and completed projects using python. My key skills include: c++, system design, git, python.",software engineer
"I have experience in dsa and python. I've worked with c++ and completed projects using git. My key skills include: dsa, python, c++, git.",software engineer
"I have experience in python and dsa. I've worked with java and completed projects using c++. My key skills include: python, dsa, java, c++.",software engineer
"I have experience in python and git. I've worked with dsa and completed projects using c++. My key skills include: python, git, dsa, c++.",software engineer
"I have experience in dsa and system design. I've worked with python and completed projects using git. My key skills include: dsa, system design, python, git.",software engineer
"I have experience in dsa and python. I've worked with system design and completed projects using git. My key skills include: dsa, python, system design, git.",software engineer
"I have experience in system design and java. I've worked with git and completed projects using c++. My key skills include: system design, java, git, c++.",software engineer
"I have experience in git and c++. I've worked with system design and completed projects using python. My key skills include: git, c++, system design, python.",software engineer
"I have experience in system design and git. I've worked with java and completed projects using python. My key skills include: system design, git, java, python.",software engineer
"I have experience in dsa and python. I've worked with system design and completed projects using c++. My key skills include: dsa, python, system design, c++.",software engineer
"I have experience in git and java. I've worked with c++ and completed projects using system design. My key skills include: git, java, c++, system design.",software engineer
"I have experience in java and system design. I've worked with python and completed projects using dsa. My key skills include: java, system design, python, dsa.",software engineer
"I have experience in java and dsa. I've worked with git and completed projects using c++. My key skills include: java, dsa, git, c++.",software engineer
"I have experience in git and dsa. I've worked with java and completed projects using system design. My key skills include: git, dsa, java, system design.",software engineer
"I have experience in git and dsa. I've worked with java and completed projects using system design. My key skills include: git, dsa, java, system design.",software engineer
"I have experience in dsa and java. I've worked with python and completed projects using c++. My key skills include: dsa, java, python, c++.",software engineer
"I have experience in c++ and system design. I've worked with git and completed projects using dsa. My key skills include: c++, system design, git, dsa.",software engineer
"I have experience in c++ and java. I've worked with system design and completed projects using dsa. My key skills include: c++, java, system design, dsa.",software engineer
"I have experience in java and git. I've worked with c++ and completed projects using system design. My key skills include: java, git, c++, system design.",software engineer
"I have experience in css and react. I've worked with bootstrap and completed projects using html. My key skills include: css, react, bootstrap, html.",frontend developer
"I have experience in javascript and bootstrap. I've worked with css and completed projects using react. My key skills include: javascript, bootstrap, css, react.",frontend developer
"I have experience in html and bootstrap. I've worked with react and completed projects using css. My key skills include: html, bootstrap, react, css.",frontend developer
"I have experience in html and bootstrap. I've worked with css and completed projects using react. My key skills include: html, bootstrap, css, react.",frontend developer
"I have experience in react and bootstrap. I've worked with html and completed projects using javascript. My key skills include: react, bootstrap, html, javascript.",frontend developer
"I have experience in css and javascript. I've worked with bootstrap and completed projects using react. My key skills include: css, javascript, bootstrap, react.",frontend developer
"I have experience in react and css. I've worked with html and completed projects using javascript. My key skills include: react, css, html, javascript.",frontend developer
"I have experience in bootstrap and html. I've worked with javascript and completed projects using react. My key skills include: bootstrap, html, javascript, react.",frontend developer
"I have experience in javascript and react. I've worked with html and completed projects using css. My key skills include: javascript, react, html, css.",frontend developer
"I have experience in css and html. I've worked with bootstrap and completed projects using javascript. My key skills include: css, html, bootstrap, javascript.",frontend developer
"I have experience in html and javascript. I've worked with css and completed projects using bootstrap. My key skills include: html, javascript, css, bootstrap.",frontend developer
"I have experience in html and css. I've worked with bootstrap and completed projects using react. My key skills include: html, css, bootstrap, react.",frontend developer
"I have experience in bootstrap and css. I've worked with javascript and completed projects using html. My key skills include: bootstrap, css, javascript, html.",frontend developer
"I have experience in css and html. I've worked with bootstrap and completed projects using react. My key skills include: css, html, bootstrap, react.",frontend developer
"I have experience in bootstrap and css. I've worked with react and completed projects using html. My key skills include: bootstrap, css, react, html.",frontend developer
"I have experience in javascript and bootstrap. I've worked with html and completed projects using css. My key skills include: javascript, bootstrap, html, css.",frontend developer
"I have experience in javascript and css. I've worked with bootstrap and completed projects using react. My key skills include: javascript, css, bootstrap, react.",frontend developer
"I have experience in javascript and css. I've worked with react and completed projects using bootstrap. My key skills include: javascript, css, react, bootstrap.",frontend developer
"I have experience in react and css. I've worked with javascript and completed projects using bootstrap. My key skills include: react, css, javascript, bootstrap.",frontend developer
"I have experience in javascript and css. I've worked with html and completed projects using react. My key skills include: javascript, css, html, react.",frontend developer
"I have experience in css and react. I've worked with bootstrap and completed projects using html. My key skills include: css, react, bootstrap, html.",frontend developer
"I have experience in css and javascript. I've worked with html and completed projects using react. My key skills include: css, javascript, html, react.",frontend developer
"I have experience in css and html. I've worked with bootstrap and completed projects using react. My key skills include: css, html, bootstrap, react.",frontend developer
"I have experience in css and bootstrap. I've worked with react and completed projects using javascript. My key skills include: css, bootstrap, react, javascript.",frontend developer
"I have experience in react and javascript. I've worked with html and completed projects using css. My key skills include: react, javascript, html, css.",frontend developer
"I have experience in css and javascript. I've worked with bootstrap and completed projects using html. My key skills include: css, javascript, bootstrap, html.",frontend developer
"I have experience in bootstrap and html. I've worked with javascript and completed projects using react. My key skills include: bootstrap, html, javascript, react.",frontend developer
"I have experience in html and bootstrap. I've worked with css and completed projects using react. My key skills include: html, bootstrap, css, react.",frontend developer
"I have experience in bootstrap and html. I've worked with javascript and completed projects using css. My key skills include: bootstrap, html, javascript, css.",frontend developer
"I have experience in bootstrap and javascript. I've worked with css and completed projects using react. My key skills include: bootstrap, javascript, css, react.",frontend developer
"I have experience in bootstrap and react. I've worked with html and completed projects using javascript. My key skills include: bootstrap, react, html, javascript.",frontend developer
"I have experience in html and react. I've worked with css and completed projects using javascript. My key skills include: html, react, css, javascript.",frontend developer
"I have experience in bootstrap and react. I've worked with javascript and completed projects using css. My key skills include: bootstrap, react, javascript, css.",frontend developer
"I have experience in javascript and bootstrap. I've worked with react and completed projects using html. My key skills include: javascript, bootstrap, react, html.",frontend developer
"I have experience in bootstrap and css. I've worked with react and completed projects using javascript. My key skills include: bootstrap, css, react, javascript.",frontend developer
"I have experience in javascript and html. I've worked with react and completed projects using css. My key skills include: javascript, html, react, css.",frontend developer
"I have experience in bootstrap and javascript. I've worked with html and completed projects using react. My key skills include: bootstrap, javascript, html, react.",frontend developer
"I have experience in javascript and html. I've worked with react and completed projects using bootstrap. My key skills include: javascript, html, react, bootstrap.",frontend developer
"I have experience in html and bootstrap. I've worked with javascript and completed projects using react. My key skills include: html, bootstrap, javascript, react.",frontend developer
"I have experience in javascript and css. I've worked with react and completed projects using bootstrap. My key skills include: javascript, css, react, bootstrap.",frontend developer
"I have experience in javascript and html. I've worked with bootstrap and completed projects using react. My key skills include: javascript, html, bootstrap, react.",frontend developer
"I have experience in javascript and html. I've worked with bootstrap and completed projects using react. My key skills include: javascript, html, bootstrap, react.",frontend developer
"I have experience in html and react. I've worked with bootstrap and completed projects using css. My key skills include: html, react, bootstrap, css.",frontend developer
"I have experience in javascript and react. I've worked with html and completed projects using css. My key skills include: javascript, react, html, css.",frontend developer
"I have experience in react and bootstrap. I've worked with html and completed projects using css. My key skills include: react, bootstrap, html, css.",frontend developer
"I have experience in react and html. I've worked with bootstrap and completed projects using javascript. My key skills include: react, html, bootstrap, javascript.",frontend developer
"I have experience in css and html. I've worked with react and completed projects using javascript. My key skills include: css, html, react, javascript.",frontend developer
"I have experience in bootstrap and html. I've worked with react and completed projects using css. My key skills include: bootstrap, html, react, css.",frontend developer
"I have experience in html and bootstrap. I've worked with react and completed projects using javascript. My key skills include: html, bootstrap, react, javascript.",frontend developer
"I have experience in html and css. I've worked with react and completed projects using bootstrap. My key skills include: html, css, react, bootstrap.",frontend developer
"I have experience in flask and api. I've worked with python and completed projects using django. My key skills include: flask, api, python, django.",backend developer
"I have experience in python and sql. I've worked with node.js and completed projects using django. My key skills include: python, sql, node.js, django.",backend developer
"I have experience in sql and django. I've worked with node.js and completed projects using flask. My key skills include: sql, django, node.js, flask.",backend developer
"I have experience in sql and api. I've worked with django and completed projects using node.js. My key skills include: sql, api, django, node.js.",backend developer
"I have experience in node.js and flask. I've worked with api and completed projects using django. My key skills include: node.js, flask, api, django.",backend developer
"I have experience in sql and node.js. I've worked with api and completed projects using django. My key skills include: sql, node.js, api, django.",backend developer
"I have experience in python and sql. I've worked with node.js and completed projects using api. My key skills include: python, sql, node.js, api.",backend developer
"I have experience in python and api. I've worked with node.js and completed projects using sql. My key skills include: python, api, node.js, sql.",backend developer
"I have experience in node.js and django. I've worked with flask and completed projects using sql. My key skills include: node.js, django, flask, sql.",backend developer
"I have experience in python and flask. I've worked with node.js and completed projects using api. My key skills include: python, flask, node.js, api.",backend developer
"I have experience in sql and api. I've worked with node.js and completed projects using python. My key skills include: sql, api, node.js, python.",backend developer
"I have experience in api and sql. I've worked with flask and completed projects using python. My key skills include: api, sql, flask, python.",backend developer
"I have experience in sql and api. I've worked with node.js and completed projects using flask. My key skills include: sql, api, node.js, flask.",backend developer
"I have experience in node.js and api. I've worked with python and completed projects using sql. My key skills include: node.js, api, python, sql.",backend developer
"I have experience in node.js and api. I've worked with flask and completed projects using python. My key skills include: node.js, api, flask, python.",backend developer
"I have experience in node.js and python. I've worked with django and completed projects using api. My key skills include: node.js, python, django, api.",backend developer
"I have experience in sql and flask. I've worked with django and completed projects using python. My key skills include: sql, flask, django, python.",backend developer
"I have experience in python and sql. I've worked with node.js and completed projects using api. My key skills include: python, sql, node.js, api.",backend developer
"I have experience in node.js and django. I've worked with flask and completed projects using api. My key skills include: node.js, django, flask, api.",backend developer
"I have experience in sql and django. I've worked with api and completed projects using python. My key skills include: sql, django, api, python.",backend developer
"I have experience in node.js and python. I've worked with flask and completed projects using django. My key skills include: node.js, python, flask, django.",backend developer
"I have experience in node.js and django. I've worked with sql and completed projects using api. My key skills include: node.js, django, sql, api.",backend developer
"I have experience in django and flask. I've worked with node.js and completed projects using sql. My key skills include: django, flask, node.js, sql.",backend developer
"I have experience in python and sql. I've worked with django and completed projects using api. My key skills include: python, sql, django, api.",backend developer
"I have experience in sql and node.js. I've worked with python and completed projects using django. My key skills include: sql, node.js, python, django.",backend developer
"I have experience in python and node.js. I've worked with sql and completed projects using api. My key skills include: python, node.js, sql, api.",backend developer
"I have experience in python and sql. I've worked with flask and completed projects using node.js. My key skills include: python, sql, flask, node.js.",backend developer
"I have experience in django and api. I've worked with flask and completed projects using node.js. My key skills include: django, api, flask, node.js.",backend developer
"I have experience in flask and django. I've worked with api and completed projects using sql. My key skills include: flask, django, api, sql.",backend developer
"I have experience in django and flask. I've worked with api and completed projects using sql. My key skills include: django, flask, api, sql.",backend developer
"I have experience in api and sql. I've worked with node.js and completed projects using python. My key skills include: api, sql, node.js, python.",backend developer
"I have experience in node.js and api. I've worked with django and completed projects using python. My key skills include: node.js, api, django, python.",backend developer
"I have experience in node.js and api. I've worked with sql and completed projects using python. My key skills include: node.js, api, sql, python.",backend developer
"I have experience in python and sql. I've worked with api and completed projects using node.js. My key skills include: python, sql, api, node.js.",backend developer
"I have experience in api and django. I've worked with python and completed projects using node.js. My key skills include: api, django, python, node.js.",backend developer
"I have experience in python and sql. I've worked with flask and completed projects using django. My key skills include: python, sql, flask, django.",backend developer
"I have experience in node.js and flask. I've worked with django and completed projects using sql. My key skills include: node.js, flask, django, sql.",backend developer
"I have experience in sql and api. I've worked with node.js and completed projects using flask. My key skills include: sql, api, node.js, flask.",backend developer
"I have experience in flask and sql. I've worked with python and completed projects using api. My key skills include: flask, sql, python, api.",backend developer
"I have experience in django and node.js. I've worked with sql and completed projects using flask. My key skills include: django, node.js, sql, flask.",backend developer
"I have experience in python and django. I've worked with api and completed projects using node.js. My key skills include: python, django, api, node.js.",backend developer
"I have experience in sql and node.js. I've worked with python and completed projects using flask. My key skills include: sql, node.js, python, flask.",backend developer
"I have experience in sql and api. I've worked with node.js and completed projects using django. My key skills include: sql, api, node.js, django.",backend developer
"I have experience in api and node.js. I've worked with sql and completed projects using python. My key skills include: api, node.js, sql, python.",backend developer
"I have experience in node.js and flask. I've worked with sql and completed projects using python. My key skills include: node.js, flask, sql, python.",backend developer
"I have experience in flask and sql. I've worked with django and completed projects using node.js. My key skills include: flask, sql, django, node.js.",backend developer
"I have experience in python and api. I've worked with flask and completed projects using sql. My key skills include: python, api, flask, sql.",backend developer
"I have experience in api and node.js. I've worked with django and completed projects using flask. My key skills include: api, node.js, django, flask.",backend developer
"I have experience in python and api. I've worked with flask and completed projects using sql. My key skills include: python, api, flask, sql.",backend developer
"I have experience in flask and sql. I've worked with python and completed projects using django. My key skills include: flask, sql, python, django.",backend developer
"I have experience in jenkins and aws. I've worked with docker and completed projects using linux. My key skills include: jenkins, aws, docker, linux.",devops engineer
"I have experience in kubernetes and aws. I've worked with docker and completed projects using jenkins. My key skills include: kubernetes, aws, docker, jenkins.",devops engineer
"I have experience in jenkins and docker. I've worked with aws and completed projects using kubernetes. My key skills include: jenkins, docker, aws, kubernetes.",devops engineer
"I have experience in kubernetes and jenkins. I've worked with linux and completed projects using aws. My key skills include: kubernetes, jenkins, linux, aws.",devops engineer
"I have experience in docker and linux. I've worked with jenkins and completed projects using kubernetes. My key skills include: docker, linux, jenkins, kubernetes.",devops engineer
"I have experience in linux and aws. I've worked with jenkins and completed projects using kubernetes. My key skills include: linux, aws, jenkins, kubernetes.",devops engineer
"I have experience in jenkins and docker. I've worked with linux and completed projects using aws. My key skills include: jenkins, docker, linux, aws.",devops engineer
"I have experience in kubernetes and docker. I've worked with aws and completed projects using jenkins. My key skills include: kubernetes, docker, aws, jenkins.",devops engineer
"I have experience in kubernetes and docker. I've worked with jenkins and completed projects using linux. My key skills include: kubernetes, docker, jenkins, linux.",devops engineer
"I have experience in docker and aws. I've worked with kubernetes and completed projects using linux. My key skills include: docker, aws, kubernetes, linux.",devops engineer
"I have experience in docker and kubernetes. I've worked with aws and completed projects using jenkins. My key skills include: docker, kubernetes, aws, jenkins.",devops engineer
"I have experience in kubernetes and linux. I've worked with docker and completed projects using jenkins. My key skills include: kubernetes, linux, docker, jenkins.",devops engineer
"I have experience in kubernetes and aws. I've worked with linux and completed projects using docker. My key skills include: kubernetes, aws, linux, docker.",devops engineer
"I have experience in jenkins and kubernetes. I've worked with aws and completed projects using linux. My key skills include: jenkins, kubernetes, aws, linux.",devops engineer
"I have experience in kubernetes and aws. I've worked with docker and completed projects using jenkins. My key skills include: kubernetes, aws, docker, jenkins.",devops engineer
"I have experience in kubernetes and linux. I've worked with jenkins and completed projects using aws. My key skills include: kubernetes, linux, jenkins, aws.",devops engineer
"I have experience in linux and jenkins. I've worked with docker and completed projects using kubernetes. My key skills include: linux, jenkins, docker, kubernetes.",devops engineer
"I have experience in jenkins and aws. I've worked with kubernetes and completed projects using linux. My key skills include: jenkins, aws, kubernetes, linux.",devops engineer
"I have experience in kubernetes and linux. I've worked with jenkins and completed projects using docker. My key skills include: kubernetes, linux, jenkins, docker.",devops engineer
"I have experience in aws and linux. I've worked with kubernetes and completed projects using docker. My key skills include: aws, linux, kubernetes, docker.",devops engineer
"I have experience in aws and jenkins. I've worked with linux and completed projects using kubernetes. My key skills include: aws, jenkins, linux, kubernetes.",devops engineer
"I have experience in jenkins and aws. I've worked with kubernetes and completed projects using linux. My key skills include: jenkins, aws, kubernetes, linux.",devops engineer
"I have experience in jenkins and kubernetes. I've worked with aws and completed projects using linux. My key skills include: jenkins, kubernetes, aws, linux.",devops engineer
"I have experience in linux and docker. I've worked with kubernetes and completed projects using jenkins. My key skills include: linux, docker, kubernetes, jenkins.",devops engineer
"I have experience in docker and jenkins. I've worked with aws and completed projects using kubernetes. My key skills include: docker, jenkins, aws, kubernetes.",devops engineer
"I have experience in linux and aws. I've worked with docker and completed projects using kubernetes. My key skills include: linux, aws, docker, kubernetes.",devops engineer
"I have experience in kubernetes and linux. I've worked with jenkins and completed projects using aws. My key skills include: kubernetes, linux, jenkins, aws.",devops engineer
"I have experience in docker and aws. I've worked with jenkins and completed projects using linux. My key skills include: docker, aws, jenkins, linux.",devops engineer
"I have experience in kubernetes and jenkins. I've worked with docker and completed projects using linux. My key skills include: kubernetes, jenkins, docker, linux.",devops engineer
"I have experience in kubernetes and docker. I've worked with jenkins and completed projects using aws. My key skills include: kubernetes, docker, jenkins, aws.",devops engineer
"I have experience in jenkins and docker. I've worked with kubernetes and completed projects using aws. My key skills include: jenkins, docker, kubernetes, aws.",devops engineer
"I have experience in aws and linux. I've worked with kubernetes and completed projects using docker. My key skills include: aws, linux, kubernetes, docker.",devops engineer
"I have experience in docker and jenkins. I've worked with aws and completed projects using kubernetes. My key skills include: docker, jenkins, aws, kubernetes.",devops engineer
"I have experience in kubernetes and linux. I've worked with aws and completed projects using jenkins. My key skills include: kubernetes, linux, aws, jenkins.",devops engineer
"I have experience in linux and docker. I've worked with aws and completed projects using kubernetes. My key skills include: linux, docker, aws, kubernetes.",devops engineer
"I have experience in linux and docker. I've worked with aws and completed projects using kubernetes. My key skills include: linux, docker, aws, kubernetes.",devops engineer
"I have experience in docker and jenkins. I've worked with kubernetes and completed projects using aws. My key skills include: docker, jenkins, kubernetes, aws.",devops engineer
"I have experience in docker and aws. I've worked with linux and completed projects using jenkins. My key skills include: docker, aws, linux, jenkins.",devops engineer
"I have experience in docker and kubernetes. I've worked with linux and completed projects using aws. My key skills include: docker, kubernetes, linux, aws.",devops engineer
"I have experience in jenkins and linux. I've worked with aws and completed projects using kubernetes. My key skills include: jenkins, linux, aws, kubernetes.",devops engineer
"I have experience in jenkins and linux. I've worked with docker and completed projects using aws. My key skills include: jenkins, linux, docker, aws.",devops engineer
"I have experience in kubernetes and jenkins. I've worked with linux and completed projects using aws. My key skills include: kubernetes, jenkins, linux, aws.",devops engineer
"I have experience in linux and jenkins. I've worked with kubernetes and completed projects using docker. My key skills include: linux, jenkins, kubernetes, docker.",devops engineer
"I have experience in aws and docker. I've worked with jenkins and completed projects using kubernetes. My key skills include: aws, docker, jenkins, kubernetes.",devops engineer
"I have experience in aws and linux. I've worked with jenkins and completed projects using docker. My key skills include: aws, linux, jenkins, docker.",devops engineer
"I have experience in jenkins and kubernetes. I've worked with docker and completed projects using linux. My key skills include: jenkins, kubernetes, docker, linux.",devops engineer
"I have experience in jenkins and docker. I've worked with aws and completed projects using kubernetes. My key skills include: jenkins, docker, aws, kubernetes.",devops engineer
"I have experience in kubernetes and docker. I've worked with aws and completed projects using linux. My key skills include: kubernetes, docker, aws, linux.",devops engineer
"I have experience in aws and jenkins. I've worked with docker and completed projects using linux. My key skills include: aws, jenkins, docker, linux.",devops engineer
"I have experience in kubernetes and linux. I've worked with aws and completed projects using docker. My key skills include: kubernetes, linux, aws, docker.",devops engineer
"I have experience in terraform and aws. I've worked with gcp and completed projects using cloud architecture. My key skills include: terraform, aws, gcp, cloud architecture.",cloud engineer
"I have experience in cloud architecture and gcp. I've worked with aws and completed projects using terraform. My key skills include: cloud architecture, gcp, aws, terraform.",cloud engineer
"I have experience in gcp and terraform. I've worked with cloud architecture and completed projects using azure. My key skills include: gcp, terraform, cloud architecture, azure.",cloud engineer
"I have experience in cloud architecture and aws. I've worked with gcp and completed projects using azure. My key skills include: cloud architecture, aws, gcp, azure.",cloud engineer
"I have experience in aws and gcp. I've worked with terraform and completed projects using cloud architecture. My key skills include: aws, gcp, terraform, cloud architecture.",cloud engineer
"I have experience in cloud architecture and terraform. I've worked with azure and completed projects using gcp. My key skills include: cloud architecture, terraform, azure, gcp.",cloud engineer
"I have experience in aws and cloud architecture. I've worked with azure and completed projects using terraform. My key skills include: aws, cloud architecture, azure, terraform.",cloud engineer
"I have experience in terraform and azure. I've worked with aws and completed projects using cloud architecture. My key skills include: terraform, azure, aws, cloud architecture.",cloud engineer
"I have experience in azure and terraform. I've worked with cloud architecture and completed projects using aws. My key skills include: azure, terraform, cloud architecture, aws.",cloud engineer
"I have experience in azure and aws. I've worked with gcp and completed projects using cloud architecture. My key skills include: azure, aws, gcp, cloud architecture.",cloud engineer
"I have experience in azure and aws. I've worked with cloud architecture and completed projects using terraform. My key skills include: azure, aws, cloud architecture, terraform.",cloud engineer
"I have experience in azure and terraform. I've worked with cloud architecture and completed projects using gcp. My key skills include: azure, terraform, cloud architecture, gcp.",cloud engineer
"I have experience in terraform and cloud architecture. I've worked with aws and completed projects using gcp. My key skills include: terraform, cloud architecture, aws, gcp.",cloud engineer
"I have experience in gcp and azure. I've worked with terraform and completed projects using cloud architecture. My key skills include: gcp, azure, terraform, cloud architecture.",cloud engineer
"I have experience in gcp and azure. I've worked with cloud architecture and completed projects using aws. My key skills include: gcp, azure, cloud architecture, aws.",cloud engineer
"I have experience in cloud architecture and terraform. I've worked with azure and completed projects using aws. My key skills include: cloud architecture, terraform, azure, aws.",cloud engineer
"I have experience in cloud architecture and aws. I've worked with gcp and completed projects using terraform. My key skills include: cloud architecture, aws, gcp, terraform.",cloud engineer
"I have experience in azure and cloud architecture. I've worked with gcp and completed projects using aws. My key skills include: azure, cloud architecture, gcp, aws.",cloud engineer
"I have experience in aws and azure. I've worked with terraform and completed projects using gcp. My key skills include: aws, azure, terraform, gcp.",cloud engineer
"I have experience in terraform and cloud architecture. I've worked with azure and completed projects using aws. My key skills include: terraform, cloud architecture, azure, aws.",cloud engineer
"I have experience in cloud architecture and azure. I've worked with terraform and completed projects using aws. My key skills include: cloud architecture, azure, terraform, aws.",cloud engineer
"I have experience in cloud architecture and azure. I've worked with terraform and completed projects using gcp. My key skills include: cloud architecture, azure, terraform, gcp.",cloud engineer
"I have experience in cloud architecture and terraform. I've worked with aws and completed projects using azure. My key skills include: cloud architecture, terraform, aws, azure.",cloud engineer
"I have experience in gcp and azure. I've worked with aws and completed projects using cloud architecture. My key skills include: gcp, azure, aws, cloud architecture.",cloud engineer
"I have experience in aws and gcp. I've worked with terraform and completed projects using azure. My key skills include: aws, gcp, terraform, azure.",cloud engineer
"I have experience in gcp and aws. I've worked with cloud architecture and completed projects using azure. My key skills include: gcp, aws, cloud architecture, azure.",cloud engineer
"I have experience in azure and terraform. I've worked with gcp and completed projects using cloud architecture. My key skills include: azure, terraform, gcp, cloud architecture.",cloud engineer
"I have experience in cloud architecture and gcp. I've worked with aws and completed projects using terraform. My key skills include: cloud architecture, gcp, aws, terraform.",cloud engineer
"I have experience in terraform and gcp. I've worked with aws and completed projects using azure. My key skills include: terraform, gcp, aws, azure.",cloud engineer
"I have experience in terraform and azure. I've worked with cloud architecture and completed projects using gcp. My key skills include: terraform, azure, cloud architecture, gcp.",cloud engineer
"I have experience in terraform and aws. I've worked with azure and completed projects using cloud architecture. My key skills include: terraform, aws, azure, cloud architecture.",cloud engineer
"I have experience in gcp and azure. I've worked with terraform and completed projects using aws. My key skills include: gcp, azure, terraform, aws.",cloud engineer
"I have experience in azure and terraform. I've worked with cloud architecture and completed projects using aws. My key skills include: azure, terraform, cloud architecture, aws.",cloud engineer
"I have experience in gcp and cloud architecture. I've worked with azure and completed projects using terraform. My key skills include: gcp, cloud architecture, azure, terraform.",cloud engineer
"I have experience in gcp and cloud architecture. I've worked with terraform and completed projects using aws. My key skills include: gcp, cloud architecture, terraform, aws.",cloud engineer
"I have experience in gcp and cloud architecture. I've worked with aws and completed projects using azure. My key skills include: gcp, cloud architecture, aws, azure.",cloud engineer
"I have experience in gcp and aws. I've worked with terraform and completed projects using azure. My key skills include: gcp, aws, terraform, azure.",cloud engineer
"I have experience in azure and gcp. I've worked with cloud architecture and completed projects using terraform. My key skills include: azure, gcp, cloud architecture, terraform.",cloud engineer
"I have experience in terraform and azure. I've worked with gcp and completed projects using cloud architecture. My key skills include: terraform, azure, gcp, cloud architecture.",cloud engineer
"I have experience in terraform and azure. I've worked with aws and completed projects using cloud architecture. My key skills include: terraform, azure, aws, cloud architecture.",cloud engineer
"I have experience in aws and cloud architecture. I've worked with azure and completed projects using terraform. My key skills include: aws, cloud architecture, azure, terraform.",cloud engineer
"I have experience in cloud architecture and gcp. I've worked with aws and completed projects using terraform. My key skills include: cloud architecture, gcp, aws, terraform.",cloud engineer
"I have experience in gcp and cloud architecture. I've worked with azure and completed projects using aws. My key skills include: gcp, cloud architecture, azure, aws.",cloud engineer
"I have experience in cloud architecture and azure. I've worked with aws and completed projects using gcp. My key skills include: cloud architecture, azure, aws, gcp.",cloud engineer
"I have experience in cloud architecture and azure. I've worked with gcp and completed projects using aws. My key skills include: cloud architecture, azure, gcp, aws.",cloud engineer
"I have experience in azure and terraform. I've worked with cloud architecture and completed projects using gcp. My key skills include: azure, terraform, cloud architecture, gcp.",cloud engineer
"I have experience in azure and cloud architecture. I've worked with terraform and completed projects using aws. My key skills include: azure, cloud architecture, terraform, aws.",cloud engineer
"I have experience in azure and cloud architecture. I've worked with gcp and completed projects using aws. My key skills include: azure, cloud architecture, gcp, aws.",cloud engineer
"I have experience in azure and gcp. I've worked with aws and completed projects using cloud architecture. My key skills include: azure, gcp, aws, cloud architecture.",cloud engineer
"I have experience in azure and cloud architecture. I've worked with gcp and completed projects using aws. My key skills include: azure, cloud architecture, gcp, aws.",cloud engineer
"I have experience in rest api and java. I've worked with spring and completed projects using hibernate. My key skills include: rest api, java, spring, hibernate.",java developer
"I have experience in hibernate and rest api. I've worked with maven and completed projects using spring. My key skills include: hibernate, rest api, maven, spring.",java developer
"I have experience in rest api and java. I've worked with spring and completed projects using hibernate. My key skills include: rest api, java, spring, hibernate.",java developer
"I have experience in maven and rest api. I've worked with java and completed projects using spring. My key skills include: maven, rest api, java, spring.",java developer
"I have experience in java and spring. I've worked with maven and completed projects using hibernate. My key skills include: java, spring, maven, hibernate.",java developer
"I have experience in spring and rest api. I've worked with hibernate and completed projects using java. My key skills include: spring, rest api, hibernate, java.",java developer
"I have experience in java and maven. I've worked with rest api and completed projects using hibernate. My key skills include: java, maven, rest api, hibernate.",java developer
"I have experience in maven and spring. I've worked with java and completed projects using rest api. My key skills include: maven, spring, java, rest api.",java developer
"I have experience in hibernate and java. I've worked with spring and completed projects using maven. My key skills include: hibernate, java, spring, maven.",java developer
"I have experience in hibernate and maven. I've worked with rest api and completed projects using spring. My key skills include: hibernate, maven, rest api, spring.",java developer
"I have experience in spring and hibernate. I've worked with maven and completed projects using java. My key skills include: spring, hibernate, maven, java.",java developer
"I have experience in hibernate and java. I've worked with maven and completed projects using rest api. My key skills include: hibernate, java, maven, rest api.",java developer
"I have experience in java and maven. I've worked with spring and completed projects using rest api. My key skills include: java, maven, spring, rest api.",java developer
"I have experience in maven and rest api. I've worked with hibernate and completed projects using java. My key skills include: maven, rest api, hibernate, java.",java developer
"I have experience in java and maven. I've worked with hibernate and completed projects using spring. My key skills include: java, maven, hibernate, spring.",java developer
"I have experience in maven and spring. I've worked with hibernate and completed projects using java. My key skills include: maven, spring, hibernate, java.",java developer
"I have experience in java and maven. I've worked with spring and completed projects using hibernate. My key skills include: java, maven, spring, hibernate.",java developer
"I have experience in rest api and hibernate. I've worked with maven and completed projects using java. My key skills include: rest api, hibernate, maven, java.",java developer
"I have experience in hibernate and java. I've worked with rest api and completed projects using maven. My key skills include: hibernate, java, rest api, maven.",java developer
"I have experience in java and rest api. I've worked with hibernate and completed projects using spring. My key skills include: java, rest api, hibernate, spring.",java developer
"I have experience in maven and java. I've worked with spring and completed projects using rest api. My key skills include: maven, java, spring, rest api.",java developer
"I have experience in spring and java. I've worked with maven and completed projects using hibernate. My key skills include: spring, java, maven, hibernate.",java developer
"I have experience in spring and hibernate. I've worked with rest api and completed projects using maven. My key skills include: spring, hibernate, rest api, maven.",java developer
"I have experience in java and maven. I've worked with spring and completed projects using hibernate. My key skills include: java, maven, spring, hibernate.",java developer
"I have experience in hibernate and maven. I've worked with spring and completed projects using rest api. My key skills include: hibernate, maven, spring, rest api.",java developer
"I have experience in spring and rest api. I've worked with hibernate and completed projects using maven. My key skills include: spring, rest api, hibernate, maven.",java developer
"I have experience in hibernate and java. I've worked with maven and completed projects using spring. My key skills include: hibernate, java, maven, spring.",java developer
"I have experience in java and rest api. I've worked with maven and completed projects using hibernate. My key skills include: java, rest api, maven, hibernate.",java developer
"I have experience in hibernate and spring. I've worked with rest api and completed projects using maven. My key skills include: hibernate, spring, rest api, maven.",java developer
"I have experience in rest api and java. I've worked with spring and completed projects using maven. My key skills include: rest api, java, spring, maven.",java developer
"I have experience in hibernate and rest api. I've worked with maven and completed projects using spring. My key skills include: hibernate, rest api, maven, spring.",java developer
"I have experience in spring and rest api. I've worked with maven and completed projects using hibernate. My key skills include: spring, rest api, maven, hibernate.",java developer
"I have experience in spring and hibernate. I've worked with maven and completed projects using java. My key skills include: spring, hibernate, maven, java.",java developer
"I have experience in java and spring. I've worked with rest api and completed projects using maven. My key skills include: java, spring, rest api, maven.",java developer
"I have experience in rest api and java. I've worked with maven and completed projects using spring. My key skills include: rest api, java, maven, spring.",java developer
"I have experience in spring and hibernate. I've worked with rest api and completed projects using java. My key skills include: spring, hibernate, rest api, java.",java developer
"I have experience in maven and rest api. I've worked with hibernate and completed projects using spring. My key skills include: maven, rest api, hibernate, spring.",java developer
"I have experience in hibernate and java. I've worked with spring and completed projects using rest api. My key skills include: hibernate, java, spring, rest api.",java developer
"I have experience in maven and hibernate. I've worked with spring and completed projects using rest api. My key skills include: maven, hibernate, spring, rest api.",java developer
"I have experience in java and rest api. I've worked with maven and completed projects using hibernate. My key skills include: java, rest api, maven, hibernate.",java developer
"I have experience in spring and hibernate. I've worked with maven and completed projects using java. My key skills include: spring, hibernate, maven, java.",java developer
"I have experience in rest api and maven. I've worked with hibernate and completed projects using java. My key skills include: rest api, maven, hibernate, java.",java developer
"I have experience in hibernate and java. I've worked with spring and completed projects using rest api. My key skills include: hibernate, java, spring, rest api.",java developer
"I have experience in hibernate and java. I've worked with rest api and completed projects using maven. My key skills include: hibernate, java, rest api, maven.",java developer
"I have experience in java and hibernate. I've worked with rest api and completed projects using maven. My key skills include: java, hibernate, rest api, maven.",java developer
"I have experience in hibernate and spring. I've worked with java and completed projects using rest api. My key skills include: hibernate, spring, java, rest api.",java developer
"I have experience in rest api and spring. I've worked with hibernate and completed projects using maven. My key skills include: rest api, spring, hibernate, maven.",java developer
"I have experience in maven and spring. I've worked with hibernate and completed projects using rest api. My key skills include: maven, spring, hibernate, rest api.",java developer
"I have experience in rest api and maven. I've worked with hibernate and completed projects using java. My key skills include: rest api, maven, hibernate, java.",java developer
"I have experience in java and spring. I've worked with maven and completed projects using rest api. My key skills include: java, spring, maven, rest api.",java developer
"I have experience in android studio and firebase. I've worked with xml and completed projects using kotlin. My key skills include: android studio, firebase, xml, kotlin.",android developer
"I have experience in java and xml. I've worked with firebase and completed projects using android studio. My key skills include: java, xml, firebase, android studio.",android developer
"I have experience in java and firebase. I've worked with kotlin and completed projects using xml. My key skills include: java, firebase, kotlin, xml.",android developer
"I have experience in java and xml. I've worked with firebase and completed projects using android studio. My key skills include: java, xml, firebase, android studio.",android developer
"I have experience in android studio and kotlin. I've worked with java and completed projects using xml. My key skills include: android studio, kotlin, java, xml.",android developer
"I have experience in android studio and java. I've worked with kotlin and completed projects using firebase. My key skills include: android studio, java, kotlin, firebase.",android developer
"I have experience in kotlin and firebase. I've worked with android studio and completed projects using xml. My key skills include: kotlin, firebase, android studio, xml.",android developer
"I have experience in android studio and xml. I've worked with kotlin and completed projects using java. My key skills include: android studio, xml, kotlin, java.",android developer
"I have experience in xml and android studio. I've worked with java and completed projects using firebase. My key skills include: xml, android studio, java, firebase.",android developer
"I have experience in firebase and xml. I've worked with kotlin and completed projects using android studio. My key skills include: firebase, xml, kotlin, android studio.",android developer
"I have experience in android studio and firebase. I've worked with java and completed projects using xml. My key skills include: android studio, firebase, java, xml.",android developer
"I have experience in kotlin and java. I've worked with android studio and completed projects using firebase. My key skills include: kotlin, java, android studio, firebase.",android developer
"I have experience in firebase and xml. I've worked with android studio and completed projects using kotlin. My key skills include: firebase, xml, android studio, kotlin.",android developer
"I have experience in android studio and firebase. I've worked with java and completed projects using xml. My key skills include: android studio, firebase, java, xml.",android developer
"I have experience in firebase and kotlin. I've worked with android studio and completed projects using xml. My key skills include: firebase, kotlin, android studio, xml.",android developer
"I have experience in android studio and xml. I've worked with firebase and completed projects using java. My key skills include: android studio, xml, firebase, java.",android developer
"I have experience in java and firebase. I've worked with android studio and completed projects using xml. My key skills include: java, firebase, android studio, xml.",android developer
"I have experience in xml and firebase. I've worked with java and completed projects using kotlin. My key skills include: xml, firebase, java, kotlin.",android developer
"I have experience in firebase and android studio. I've worked with kotlin and completed projects using java. My key skills include: firebase, android studio, kotlin, java.",android developer
"I have experience in xml and android studio. I've worked with kotlin and completed projects using firebase. My key skills include: xml, android studio, kotlin, firebase.",android developer
"I have experience in kotlin and firebase. I've worked with android studio and completed projects using xml. My key skills include: kotlin, firebase, android studio, xml.",android developer
"I have experience in android studio and firebase. I've worked with java and completed projects using kotlin. My key skills include: android studio, firebase, java, kotlin.",android developer
"I have experience in firebase and java. I've worked with xml and completed projects using kotlin. My key skills include: firebase, java, xml, kotlin.",android developer
"I have experience in android studio and java. I've worked with kotlin and completed projects using firebase. My key skills include: android studio, java, kotlin, firebase.",android developer
"I have experience in java and kotlin. I've worked with xml and completed projects using firebase. My key skills include: java, kotlin, xml, firebase.",android developer
"I have experience in java and xml. I've worked with kotlin and completed projects using firebase. My key skills include: java, xml, kotlin, firebase.",android developer
"I have experience in java and android studio. I've worked with xml and completed projects using firebase. My key skills include: java, android studio, xml, firebase.",android developer
"I have experience in firebase and android studio. I've worked with xml and completed projects using java. My key skills include: firebase, android studio, xml, java.",android developer
"I have experience in android studio and xml. I've worked with firebase and completed projects using kotlin. My key skills include: android studio, xml, firebase, kotlin.",android developer
"I have experience in firebase and kotlin. I've worked with android studio and completed projects using xml. My key skills include: firebase, kotlin, android studio, xml.",android developer
"I have experience in kotlin and xml. I've worked with firebase and completed projects using android studio. My key skills include: kotlin, xml, firebase, android studio.",android developer
"I have experience in java and android studio. I've worked with firebase and completed projects using kotlin. My key skills include: java, android studio, firebase, kotlin.",android developer
"I have experience in firebase and java. I've worked with xml and completed projects using android studio. My key skills include: firebase, java, xml, android studio.",android developer
"I have experience in firebase and android studio. I've worked with xml and completed projects using java. My key skills include: firebase, android studio, xml, java.",android developer
"I have experience in xml and kotlin. I've worked with firebase and completed projects using java. My key skills include: xml, kotlin, firebase, java.",android developer
"I have experience in firebase and kotlin. I've worked with xml and completed projects using android studio. My key skills include: firebase, kotlin, xml, android studio.",android developer
"I have experience in android studio and firebase. I've worked with java and completed projects using xml. My key skills include: android studio, firebase, java, xml.",android developer
"I have experience in firebase and xml. I've worked with java and completed projects using kotlin. My key skills include: firebase, xml, java, kotlin.",android developer
"I have experience in android studio and xml. I've worked with firebase and completed projects using kotlin. My key skills include: android studio, xml, firebase, kotlin.",android developer
"I have experience in java and xml. I've worked with firebase and completed projects using kotlin. My key skills include: java, xml, firebase, kotlin.",android developer
"I have experience in java and firebase. I've worked with android studio and completed projects using kotlin. My key skills include: java, firebase, android studio, kotlin.",android developer
"I have experience in firebase and xml. I've worked with kotlin and completed projects using android studio. My key skills include: firebase, xml, kotlin, android studio.",android developer
"I have experience in java and android studio. I've worked with kotlin and completed projects using firebase. My key skills include: java, android studio, kotlin, firebase.",android developer
"I have experience in firebase and xml. I've worked with kotlin and completed projects using java. My key skills include: firebase, xml, kotlin, java.",android developer
"I have experience in kotlin and xml. I've worked with firebase and completed projects using java. My key skills include: kotlin, xml, firebase, java.",android developer
"I have experience in android studio and firebase. I've worked with java and completed projects using kotlin. My key skills include: android studio, firebase, java, kotlin.",android developer
"I have experience in xml and android studio. I've worked with java and completed projects using firebase. My key skills include: xml, android studio, java, firebase.",android developer
"I have experience in kotlin and java. I've worked with firebase and completed projects using xml. My key skills include: kotlin, java, firebase, xml.",android developer
"I have experience in java and xml. I've worked with kotlin and completed projects using android studio. My key skills include: java, xml, kotlin, android studio.",android developer
"I have experience in kotlin and firebase. I've worked with java and completed projects using android studio. My key skills include: kotlin, firebase, java, android studio.",android developer
